1139939474206_Grenadapestlist,0.11,0,0,0,0,0,expObs,
1803_P_2526ID_I_1001_Engineering_2520Items,0,0,0,0,0,0,expObs,
1969_Butler_Fish_Data,0.02,0,1.03,0,0.07,0,Occurrence,2
1986_1987_20NJDEP_20Survey,0.02,0,1.03,0,0.04,0,expObs,
1988_1991_20NJDEP_20Survey,0.02,0,1.03,0,0.04,0,expObs,
1998_20MAIA_20Fish_20Tissue_20Data,0.02,0,1.03,0,0.07,0,Occurrence,2
2014_sceaduwe_spirulina,0,0,0,0,0,1,expObs,
Adobe_20Cr_20Table_201_20data_203,0,0,0,0,0,1,expObs,
alho2011,0,0,0,1,0,0,expObs,
Anurans2010_MeanComparisonData,0,0,0,0,0,1,expObs,
Anurans2010_Rdata,0,0,0,0,0,1.01,expObs,
appendixE,0.01,0,0,0,0,0,expObs,
attach_3Fpage_LifemapperServices_252FValueAddedProductsToProviders,0,1,0,0,0,0,expObs,
bcs_mangroves_dataset_carbon_content,0,0,0,0,0.25,1,expObs,
bcs_mangroves_datasetcarbon_content,0,0,0,0,0.25,1,expObs,
Biodiversity_20data_20table,0.21,0,0,0,0,0,expObs,
BNY_201109_Holdings,0,0,0.02,0,0,0,expObs,
BodySize,0.11,0,0,0,0,1,expObs,
Bolnick_data,0,0,0,0,0,0.02,expObs,
brazilds,0,0,1,0,0,0,expObs,
ca2011_plant_pres_cvr,0,0,0.11,0,0,0,expObs,
CameraMetadata_ENVO_working_copy,0,0,1,0,0,0,expObs,
CapitaReports_PPT_List,0,0.01,0,0,0,0.02,expObs,
CGR022_23,0.03,0,0,0,0,0,expObs,
concept_review,0,0,0,0,0,0.25,expObs,
conversbonyfishtable,0.64,0,0,0,0,0,expObs,
CrBP_20Delivery_20Matrix_202010_2011_website_,0,0,0,0,0,0.03,expObs,
Cross_Inoculation_Data,0.04,0,0,0,0,0,expObs,
cvh3_0,0,0,0,0,0,1.25,expObs,
DataSubmittalAnimal,0.31,0,0,0,0.01,0,expObs,
DataSubmittalPlants,0.31,0,0,0,0.02,0,expObs,
DataUshimaru_etalFig2,0,0,0,0,0.25,0,expObs,
DD1149,0.01,0,0,0,0,0,expObs,
den_environment_250m,0.01,0,0,0,0.04,1,expObs,
dens_random_sites,0,0,0,0,0.04,1,expObs,
DEPT_20REQUISITION_20_updated_20101211_,0.01,0,0.03,0,0,0,expObs,
DNaseEncodeExample,0,0,0.17,0,0,0,expObs,
DominantFreq_2,0.11,0,0,0,0,0.04,expObs,
DominantFreq,0.11,0,0,0,0,0.04,expObs,
Dung_beetle_experiment,0.06,0,0.01,0,0,0.04,expObs,
Dung_deposition_per_guild,0.04,0,0,0,1.25,0.01,expObs,
042317_7,0,0,0.02,0,0,0,genetic,1
08736Table5,0.11,0,0.02,0,0,0,genetic,
103Sp11_plant_database_template,1.11,0,0,0,0,0.04,genetic,
183426Supplemental_Tables_S7_to_S10,0.25,0,0,0,0.17,0,genetic,1
18345,0.04,0,0,0,0,0,Occurrence,2
2007rptSpecies,0.37,0,0,0,0,0,genetic,
2010_03_24_OrganismLU,0.05,0,0,0,0,0,genetic,
20101103_de_snr_staff_data,0,0.25,0,0,0,0,genetic,
2011_Athens_East_Coast_Feb_9th,0.31,0,0,0,0,0,genetic,
201213all,0.01,0,0,0,0,0.03,genetic,
20160929_Sierra,0.31,0,0,0,0,0,genetic,
205815Supplemental_Data_Set_S4,0,0.11,0,0,0,0,genetic,1
268_worldmapper_data,0,0.25,0,0,0,0,genetic,
3__naturesdi_t,0,0,0,0.04,0,0,genetic,
382,0,0,1,0,0,0.04,genetic,
612017,1.11,0,0,0,0,0,genetic,
7a,0.01,0,0,0,0,0.03,genetic,
aa_European_Food_Stores_Toronto,0,0.11,0,0,1.25,0,genetic,
aajasb008,0.02,0,0,0,0,1,genetic,
AddDataFile3,0.07,0,0,0,0,0,genetic,1
additional,0,0,0.06,0,0,0.25,genetic,
Alaska_Roster,0,0.25,0,0,0,0,genetic,
Anatomist_Rubric,0,0.06,0,0,0,0,genetic,
animals_in_extinction,0.03,0,0,0,0,0,genetic,
animals_in_extinction,0.03,0,0,0,0,0,genetic,
annual_nest_report,0.04,0,0.01,0,0,0,genetic,
ANT_species,1.25,0,0,0,0,0,genetic,
Aphia_webservice_getAphiaRecordById_Office2000,0.13,0,0,0,0,0,genetic,
APTFG_20Canine,0,0,0,0,0,0.11,genetic,
Aquaticinvasivedata,0.25,0,0,0,0.17,1,genetic,
arachides_avec_coquille,0,0,0,0,0,0.06,genetic,
Argentina_Especies_Amenazadas___Extintas,0.17,0,0.01,0,0,0,genetic,
Argentina_20Especies_20Amenazadas_20__20Extintas,0.17,0,0.01,0,0,0,genetic,
Argentina,1.11,0,0,0,0,0,genetic,
ArgentinaEspeciesAmenazadasExtintas,0.17,0,0.01,0,0,0,genetic,
ATOL_master_taxon_table,0.17,0,0,0,0,0,genetic,
att_42326_EN_Table_drd_06_ppart0,0,0,0.25,0,0,0.06,genetic,
attachment_20b_3_20vf_20regen_20data_20dictionary_tender,0,0,0,0.25,0,0,genetic,
Aurora_NA_Observed_Spp,0.36,0,0,0,0,0,genetic,1
AvgLocalSpRichnessandDiversity,0,0,0,0,0,1,genetic,1
B3_French_FishData,0.25,0,0.11,0,0,0,genetic,
BarcodeTaxonlist14,0.05,0,0,0,0,0,genetic,
beds_birds_records_ver5_multisheet,0.25,0,0.11,0,0,1,genetic,
billboard_lyrics_1964_2015,0,0,0,0,0,0.06,genetic,
Biodiversity_20calculations,1.02,0,0,0,0,0,genetic,
Biomass_Per_Species,0.25,0,0,0,0,0,genetic,
Biomass_20Per_20Species,0.25,0,0,0,0,0,genetic,
birds,0.06,0,0,0,0,0,genetic,
bonito_samples_GB,0,1,0.01,0,0,0,genetic,1
BPQITEMS,0,0.04,0,0,0,0,genetic,
Brattstrom_et_al_2015_TableS1,1,0,0.06,0,0.04,0,genetic,
C2C2_900Inds64PixelsIDXY,1.04,0,0,0,0,0,genetic,
Campus_Tree_List_Old,0.31,0,0,0,0,0,genetic,
candlist_subtotals,1,0,0,0,0,0,genetic,
cars2,0,0,0,0,0,0.11,genetic,
Cassini_flyby_Titan,0,0,0,0,0,0.22,genetic,
cfile9,0.06,0,0,0,0,0,genetic,
challenge_lst_all,0.01,0,0,0,0,0,genetic,
cities_of_the_flanaess,0.06,0.25,1,0,0,0,genetic,
college_enrollment_rates_2016,0.25,0,0,0,0,0.06,genetic,
CombinedCodeChangesAll,0.04,0,0,0,0,0,genetic,
Competitions,0.25,0,0,0,0,0,genetic,
Complete_Collection_2014,0.11,0,0,0,0,0.01,genetic,1
Computer_20Assets_204_20Sale,0.25,0,0,0,0,0.11,genetic,
conBio381_P_H_GeneticDiversity_Prob_SS,0.05,0,0,0,0,0,genetic,1
Copie_20de_20les_20ptits_20mots_20logiques,0.25,0,0,0,0,0,genetic,
corporateactionsbonds,0.25,0,0,0,0,0.01,genetic,
covariates_std,0,0,0,0,0,1,genetic,
Coweeta_Kloeppel_spp,0.31,0,0,0,0,0,genetic,
CRNBiolthaiUK,0.06,0,0,0,0,0,genetic,
CsDF_Template,0,0.11,0,0,0,0,genetic,
CT_DD_EN_3,0.04,0,0,0,0,0,genetic,
CV_Dec,0,0,0,0,0,0.11,genetic,
DA8277_lesson_plans_and_worksheet_on_evoltion,1,0,0,0,0,0,genetic,
Data_file_Noreikiene_et_al,0.25,0,0.07,0,0,0,genetic,
data_20160203T1715_structure_20160203T1713,0,1,0,0,0,0,genetic,
davidinsulin10_2Bpos9pre,0,0,0.11,0,0,0,genetic,1
day,0,0,0,0,0,0.02,genetic,
DC_export_product_webgains,0,0.25,0,0,0,0,genetic,
Defra_Senior_Posts_Core,0,0.25,0,0,0,0,genetic,
dip_and_mips,0,0.11,0,0,0,0,genetic,
dr5,0,1,0,0,0,0,genetic,
Dryad3_StratigraphicAndSize,0.11,0,0,0,0,0,genetic,
Dundee_20Uni_20Herbarium_20Data_20v2,0,0.06,0,0,0,0,genetic,
Dundee_20Uni_20Zoology_20Data_20v2,0,0.06,0,0,0,0,genetic,
E6335_Supporting_information,0,0,0,0.06,0,0,genetic,1
e90957b86054e4bb911e4173646f6886,0.01,0,0,0.01,0,0,genetic,
East_Texas_Monocots_Ferns_Gymnosperms,1.11,0,0,0,0,0,genetic,
ebrary,0,0,0,0,0,0.04,genetic,
Excel_sheet_for_locality_and_event_entry_MMB_2008,0,0,0.25,0,0.07,0,genetic,
1788_Antarctic_20marine_20bacteria_20_Lone_20Gram__207,0.07,0,0.01,0.06,0.01,0,Occurrence,
1951_Antarctic_amoebae_7,0.07,0,0.01,0.06,0.01,0,Occurrence,
1951_Antarctic_20amoebae_207,0.07,0,0.01,0.06,0.01,0,Occurrence,
2006gl027032_Auxillary_table1,0.02,0,0,0,0,0.25,Occurrence,2
2007_F1_Western_Arctic_Fish__Museum_Collection__1850,0.06,0,0,0.06,0,1.01,Occurrence,
2007VAERSDATA,0.02,0,0,0,0,0,Occurrence,
2010,0.03,0,0,0,0,1,Occurrence,
2010,0.03,0,0,0,0,1,Occurrence,
2387_Antarctic_Isopods,0.07,0,0.01,0.06,0.01,0,Occurrence,
243d8ca3_82e9_4b52_b8a4_b29465f42771v2,0.11,0,0,0,0,0,Occurrence,
2560_Storey,0,0,1,0,0.01,0,Occurrence,
3060_aqinv_adult,0.06,0,0,0,0,0.11,Occurrence,
3060_aqinv_imm,0.06,0,0,0,0,0.11,Occurrence,
3060_terrinv,0.06,0,0,0,0,0.11,Occurrence,
3060_veggies,0.07,0,0,0,0,0.11,Occurrence,
3060_verts,0.07,0,0,0,0,0.11,Occurrence,
3060aqinvadult,0.06,0,0,0,0,0.11,Occurrence,
3060AquaInverts,0.06,0,0,0,0,0.11,Occurrence,
3_Taxon_Report_Sample,0.01,0,0.31,0,0,0,Occurrence,
4280,0.06,0,0,0,0,0,Occurrence,2
48583,0,0,0,0,0,0,Occurrence,
5148,0.06,0,0,0,0,0,Occurrence,
5323,0.06,0,0,0,0,0,Occurrence,
5346,0.06,0,0,0,0,0,Occurrence,
5655,0.06,0,0,0,0,0,Occurrence,
5741,0.06,0,0,0,0,0,Occurrence,
5898,0.06,0,0,0,0,0,Occurrence,
6359,0.06,0,0,0,0,0,Occurrence,
6457,0.06,0,0,0,0,0,Occurrence,
95_ulp_inland_sites,0,0,0,0,0.03,0,Occurrence,
ALL_DELEGATES_13_02_2012,0,0,0.03,0,0,0,Occurrence,
all_ind_info,0,0,0.03,0,0,0,Occurrence,
ANNEXIII__ED_9A_8C_EC_9B_90_EB_AA_85_EB_8B_A8_,0,0.25,1,0,0,0,Occurrence,
Antarctic_amoebae,0.07,0,0.01,0.06,0.01,0,Occurrence,
Antarctic_marine_bacteria,0.07,0,0.01,0.06,0.01,0,Occurrence,
AntarcticSponges,0.07,0,0.01,0.06,0.01,0,Occurrence,
Arachis_batizocoi,0.04,0,0,0.02,1.25,0.07,Occurrence,
Arachis_cardenasii,0.04,0,0,0.02,1.25,0.07,Occurrence,
Arachis_correntina,0.04,0,0,0.02,1.25,0.07,Occurrence,
Arachis_decora,0.04,0,0,0.02,1.25,0.07,Occurrence,
Arachis_diogoi,0.04,0,0,0.02,1.25,0.07,Occurrence,
Arachis_glandulifera,0.04,0,0,0.02,1.25,0.07,Occurrence,
Arachis_helodes,0.04,0,0,0.02,1.25,0.07,Occurrence,
Arachis_hoehnei,0.04,0,0,0.02,1.25,0.07,Occurrence,
Arachis_kempff_mercadoi,0.04,0,0,0.02,1.25,0.07,Occurrence,
Arachis_simpsonii,0.04,0,0,0.02,1.25,0.07,Occurrence,
Arachis_stenosperma,0.04,0,0,0.02,1.25,0.07,Occurrence,
Arachis_villosa,0.04,0,0,0.02,1.25,0.07,Occurrence,
archaeofaunal,0,0,0.15,0,0.03,0,Occurrence,2
Archive,0.02,0,0,0,0.17,0,Occurrence,
Arctic_20Ocean_20_20Benthos_201991,0.01,0,0,0.06,0.01,1.05,Occurrence,2
assignment2,0.06,0,1.01,0,0,0,Occurrence,
Ausable_hatch_chart_by_artfs,0,0,0,0,0,1,Occurrence,
AWER_4530_biological_assessment_data_2006,0.15,0,0.02,0,0,1,Occurrence,
AWER_204530_20biological_20assessment_20data_202006,0.15,0,0.02,0,0,1,Occurrence,
AWER04530biologicalassessmentdata2006,0.15,0,0.02,0,0,1,Occurrence,
Banco_de_registros,0,0,0,0,0.01,0,Occurrence,
Beaufort_Sea_zooplankton_1971__WEBSEC_,0.02,0,0,0.06,0.05,1.02,Occurrence,
BenthosGreenlandSeaStransky2001_4,0.08,0,0,0.06,0,1.01,Occurrence,2
BenthosGreenlandSeaStransky2001,0.08,0,0,0.06,0,1.01,Occurrence,
BiomassSpreadsheet,0.06,0,0.11,0,0,0,Occurrence,
biomonitoring_fish_data,0.01,0,0,0.01,0,0.11,Occurrence,
biomonitoring_inverts_data,0.02,0,0,0.02,0,0,Occurrence,
BIRNLexSpeciesDefinitions_rob,1,0,0,0,0,0,Occurrence,
blank_20habitat_20recording_20sheet_20040105_13062006_,0,0,0,0,0.02,0.02,Occurrence,
Brassica_oleracea,0.04,0,0,0.02,1.25,0.07,Occurrence,2
butterflies,0.25,0,0,0,0,1,Occurrence,
CACandDAO,0,0,0,0,0,0.01,Occurrence,
Cajanus_albicans,0.04,0,0,0.02,1.25,0.07,Occurrence,2
Cajanus_lanceolatus,0.04,0,0,0.02,1.25,0.07,Occurrence,
Cajanus_lineatus,0.04,0,0,0.02,1.25,0.07,Occurrence,
California_K12HSN_Connectivity_Data,0,0,0.06,0,0,0,Occurrence,
CI_RAP___Data_Sheet,0,0,0,0,0.36,0,Occurrence,
colorado_cities,0,0.11,0,0,0,0,Occurrence,2
D28A_L_1977_to_present,0.04,0,0.01,0,0,0,Occurrence,
DarwinCoreSchemaSample20100131,0.02,0,0,0.03,0,0.25,Occurrence,
dayofarchaeology,0,0,0,0,0,0.06,Occurrence,
Drop_20Off_20Locations_209,0,0,0.25,0,0,0,Occurrence,
dwspread,0,0,0,0.01,0,0,Occurrence,
encrowprosecutions_tcm6_5745,0,0,0.11,0,0,0.01,Occurrence,
4,0,0,0,0,0.11,0.02,spMonit,
74908,0.31,0,0,0.15,0,0,spMonit,
74909,0.31,0,0,0.15,0,0,spMonit,
100401,0,0,0.01,0,0,0.01,spMonit,
100CL_10,0,0.25,0,0,0,0,spMonit,
184,0,0,0,0,0.11,1,spMonit,
1861401,0,0.25,0,0,0,0,spMonit,
192203Supplemental_Data_Set_3,0,0,0.37,0,0,0,spMonit,
2001_052,0,0,0.3,0,0,0,spMonit,
2001_052,0,0,0.28,0,0,0,spMonit,
2006_154,0,0,0.3,0,0,0,spMonit,
2010_20AMSS_20_program_final,0,0,0,0,0,0.25,spMonit,
2011_2012YAGM,0,1,0,0,0,0,spMonit,
2012_20EwN_20Why_20is_20biodiversity_20important,0,0,0,0,1.36,0.06,spMonit,
25_Habitat_Selection,0,0,0,0.01,1.02,0,spMonit,
25_Habitat_Selection_shell,0,0,0,0.01,1.02,0,spMonit,
32534819,0,0.25,0,0,0,0,spMonit,
4039p529_542SupplementaryFile,0,0,0.11,0,0,0,genetic,1
7427Table3,1,0,0,0,0,0,spMonit,
7427Table4,1.25,0,0,0,0,0,spMonit,
8109_8267,0,0,0,0,0.06,0,spMonit,
8109_8272,0,0,0,0,0.06,0,spMonit,
95761,0,0.25,0,0,0,0,spMonit,
absolute_to_sample_copies_11_14_11,0,0,0.25,0,0,0,spMonit,
adxSPPusesa,0,0.25,0,0,0,0,spMonit,
aiab080158,0,0,0.04,0,0,0.03,spMonit,
All_cat_GPS_data_by_cat__season__daynight,0,0,0,0,0.17,1.25,spMonit,
Alnylam_IP_001,0,0,0.25,0,0,0,spMonit,
AnimaliaChart,1,0,0,0,0,0,spMonit,
Annotation_Summary_11_8,0.04,0,0,0,0,0,spMonit,
ants,1,0,0,0,0,0,spMonit,
Arenafightandvenomusage,0,0,0.11,0,0,1,spMonit,
ASSEMBLE4thcall,0,0.25,0,0,0,0,spMonit,
ASSEMBLE5thcall,0,0.25,0,0,0,0,spMonit,
assignment_20topics_202nd_20draft,0,0.25,0,0,0,0.05,spMonit,
assignment_20topics,0,0.25,0,0,0,0.07,spMonit,
Attr_IC,0,0,0,0,0.25,1,spMonit,
BCS_species_datasheet,1,0,0,0,0.04,0.25,spMonit,
beardsley,1,0,0,0,0,0,spMonit,
Behavioural_Scoring,0,0,0.04,0,0,0.11,spMonit,
Benthos_JTN_2010,1.25,0,0,0,0,0,spMonit,
Bicyclus_data_Saastamoinen_et_al,0.11,0,0,0,0,0.25,spMonit,
BioEnvGeo,0,0,0,0,0.25,0,spMonit,
BIOL_211__1__Wilsey_lalten_02,1.02,0,0,0,0,0,spMonit,
Biological,0,1.06,0,0,0,0,spMonit,
Biology_20__20Feb,0,0,0,0,0,0.25,spMonit,
Biology3_yr10_13july2010,0,0.25,0,0,0,0,spMonit,
biome_chart,0,0,0,0,0.25,0,spMonit,
BMSrecordslipsUK,0.27,0,0,0,0,0,spMonit,
bodyconditions,0,0,0,0,0,0.25,spMonit,
BOLDsubmission_template,0,0,1,0,0,0,spMonit,
bonelli,1.08,0,0,0,0,0,spMonit,
Border_Reiver_mtDNA,0,0.25,0.06,0,0,0,spMonit,
BragaGoncalves_Heistermannetal_ACTH_I,0,0,0,0.11,0,1.25,spMonit,
BragaGoncalves_Heistermannetal_ACTH_II,0,0,0,0.11,0,1.25,spMonit,
BragaGoncalves_Heistermannetal_soil_contamination,0,0,0,0.11,0,1.25,spMonit,
Bulgaria_sample_register_29_07_04_new_Sample_register,0,0,0.01,0,0.36,0.01,spMonit,
Cactus_and_succulents_seed_2016,0.06,0,0,0,0,0,spMonit,
canfor_20_08_03_Data,0.07,0,0,0,1,0.25,spMonit,
Casual_20moth_20reporting_20form,0.25,0,0,0,0,0,spMonit,
Category_A_species_1,1.11,0.31,0,0,0,0,spMonit,
Category_20A_20species_1,1.11,0.31,0,0,0,0,spMonit,
CDASBreedersForm,0,0,0,0,0,1,spMonit,
Chapter_18_Classification_review,0.11,0,0,0,0,0,spMonit,
classificatienethur2007,0,0,0,0,1,0,spMonit,
Clemente_Supp_data1,1,0,0,0,0,0,spMonit,
CLiC_20Biology_20topics_20for_20site,0,0,0.17,0,0,0,spMonit,
clingertaxa,1,0,0,0,0,0,spMonit,
Clones_20avanzados,0.11,0,0,0,0,0,spMonit,
collecting_data_format,0,0,1,0,0,0,spMonit,
Collection,0,0,0.25,0,0,0,spMonit,
comp_losers_2q2017,0,1,0,0,0,0,spMonit,
Comparison_all_metabolites,0,0,0,0,0,1.01,spMonit,
conferencesubmissionform_results2006,0,0,0,0,0,0,spMonit,
COOG_2014_02_28_DELABAR_26210_SDC1,0.06,0,0,0,0,0,spMonit,
COOK_20collaborators,0,1,0,0,0,0,spMonit,
Corcovado_basilisk_abundance,0,0,0,0,0.25,1,spMonit,
correlationsoflife,0,0,0,0,0,0.25,spMonit,
Cost_20code_20managers_20list,0,0.25,0,0,0,0,spMonit,
crosswalk_isi_nrc,0.06,0,0,0,0,0,spMonit,
cSpace_UCJeps_tasks_rev1,0,0,0,0,0,0.36,spMonit,
damage,0.06,0,0.36,0.04,0,1,spMonit,
DarwinCore,0,0,0,0,0,1,spMonit,
data_20sources,1,0,0,0,0.25,0,spMonit,
Data_of_Figure_3_4,0.02,0,0,0,0,0,spMonit,
dataset_4,0,0,0.25,0,0,1,spMonit,
DataUshimaru_etalFigs34,0,0,0,0,0.25,0,spMonit,
DataUshimaruetalFigs43,0,0,0,0,0.25,0,spMonit,
dcp2,0.02,0,0,0,0,0,spMonit,
DD250,0,0,0,0,0,1.06,spMonit,
delegate_list_web,0,1,0.06,0,0,0,spMonit,
dell_nbac,0,0,0,0,1.25,0,spMonit,
Demo_Data_Base,0.25,0,0,0,0,0,spMonit,
diversitylab,0.25,0,1,0,0,0,spMonit,
drg12,0,0.06,0,0,0,0,spMonit,
drg13,0,0.06,0,0,0,0,spMonit,
E_CBIL_44,0,0,0,0,0,0.11,spMonit,
ebird_checklist_format_template,0,0,0,0,0.21,0,spMonit,
Ecoli_metadata,0,0,1,0,0,0.25,genetic,1
environmental_range_raw_data,0.1,0,0.02,0,0,0,spMonit,
9181,0.01,0,0,0.26,0,0,Taxon,
47305,0.25,0,0,0,0,0,Taxon,
47310,0.25,0,0,0,0,0,Taxon,
60839,0.25,0,0,0,0,0,Taxon,
1_s2,0.35,0,0,0,0,0,Taxon,
1069349s_Table_Science_on_line,0.25,0,0,0,0,0,Taxon,
2004cumulative_list2,1,0,0,0,0,0,Taxon,
2005_20leaf_20pack_20data,0.31,0,0,0,0,0,Taxon,
2008_TaxonList,0.11,0,0,0,0,0,Taxon,
2008Jan_Taxon,0.06,0,0,0,0,0,Taxon,
2009_russell_et_al_supplementary1,0,0,0,0,0,0.04,Taxon,
2009_russell_et_al_supplementary2,0.39,0,0,0,0,0,Taxon,
2009_TaxonList,0.11,0,0,0,0,0,Taxon,
2011__20RPF__20Decisions,1,0,0,0,0,0,Taxon,
2011_Under_Review_species,0.06,0,0,0,0,0,Taxon,
2012_Rare_Vascular_Plant_List,0.25,0,0,0,0,0,Taxon,
20150806,0.12,0,0,0,0,0,Taxon,
2043_9113_2_4_s4,0.15,0,0,0,0,0,Taxon,
239_2011_9441_MOESM6_ESM,0,1,0,0,0,0,Taxon,
2emn_2005_tab6_system_summ,0.31,0,0,0,0,0,Taxon,
47f6514c1ea5eFRUITNAMES,0.06,0,0,0,0,0,Taxon,
4MEN,0.01,0,0,0,0,0,Taxon,
6emn_2009_hoja_de_datos,0.31,0,0,0,0,0,Taxon,
7mile99RQ,0.33,0,0,0,0.01,0.01,Taxon,
81316,0,0,0,0,0,0.02,Taxon,
9emn_2012_tab,0.31,0,0,0,0,0,Taxon,
A1,0.35,0,0,0,0,0,Taxon,
A5,0.35,0,0,0,0,0,Taxon,
aberjona,0.07,0,0,0,0,0,Taxon,
ABG_Recording_Form,0.06,0,0.11,0,0,0,Taxon,
AlchohoInsects4_2004,0.4,0,0,0,0,0,Taxon,
All_20Bugs_20for_20Exam_201_20_most_20of_20them_20at_20least_,0.08,0,0,0,0,0,Taxon,
Anenomes_Lancaster_2010_07_12,0.08,0,0,0,0,0,Taxon,
Animals_of_Kaweah_River_Delta_Region_2002,0.2,0,0,0,0,0,Taxon,
Antweb_reginal_species_list_example,1.03,0,0,0,0,0,Taxon,
AoaBPhase1appendix2,0.36,0,0,0,0,0,Taxon,
Appendix_10_Bats_of_Sumatra_July09,0.36,0,0,0,0,0,Taxon,
AppendixB_Chapt1,0.02,0,0,0,0,0,Taxon,
Aquatic_Macroinvertebrates___checklist,0.3,0,0,0,0,0,Taxon,
Aquatic_20Macroinvertebrates_20__20checklist,0.3,0,0,0,0,0,Taxon,
Arachis_benensis,0.06,0,0,0.04,0,0.25,Taxon,
Arachis_ipaensis,0.06,0,0,0.04,0,0.25,Taxon,
Araneae_Europaea_Taxonomy_version_2005,1.1,0,0,0,0,0.03,Taxon,
Artenliste_Laubmoose_Europa,1.17,0,0,0,0,0,Taxon,
Asia_titanosaurs,0.25,0,0,0,0,0,Taxon,
B6,0.35,0,0,0,0,0,Taxon,
BarentsFish,0.36,0,0,0,0,0,Taxon,
Bat_recording_form1,1.01,0,0,0,0.25,0.02,Taxon,
Battlefield_Species_list,0.12,0,0,0,0,0,Taxon,
Battlefield_20Species_20list,0.12,0,0,0,0,0,Taxon,
bioblitz_final,0.34,0,0,0,0.01,0.01,Taxon,
bioblitzsbs07,0.34,0,0,0,0.01,0,Taxon,
Biota_Plants_LRW,0.04,0,0,0,0,0,Taxon,
BirdEcology,0.04,0,0,0,0,0,Taxon,
birds_desc_template,0,0,0,0,0,0.06,Taxon,
BirdsexingSMGF,0.37,0,0,0,0,0,Taxon,
BIS_20recording_20spreadsheet_0,0,0,0,0,0,0.04,Taxon,
bis_recording,0.01,0,0,0,0,0,Taxon,
bivalves_50953,0.31,0,0.01,0,0,0.02,Taxon,
Blogger_20Bioblitz_20Data_20Sheet,0.34,0,0,0,0.01,0,Taxon,
BMERC_20Records_20Spreadsheet_2020090821,0.26,0,0,0,0.11,0.02,Taxon,
BMI_Taxa_Lists,0.19,0,0,0,0,0,Taxon,
BON_NAME,0.08,0.25,0,0,0,0,Taxon,
Bonanza_Creek_Hollingsworth_spp,0.09,0,0,0,0,0,Taxon,
BT_DD_EN_2,0.06,0,0,0,0,0,Taxon,
Bulkload_Citations_Template,0,0,0,0.02,0,0,Taxon,
businesses,0,0.25,0,0,0.04,0,Taxon,
Cajanus_cajanifolius,0.06,0,0,0.04,0,0.25,Taxon,
Cajanus_trinervius,0.06,0,0,0.04,0,0.25,Taxon,
Cal_IPCWatchlist,1.11,0,0,0,0,0,Taxon,
CarabidaeLUNZ7Sep2007Web,0.36,0,0,0,0,0,Taxon,
CARMSClassification,0.09,0,0,0,0,0,Taxon,
Chart,0.25,0,0,0,0,0,Taxon,
Checklist_for_Babilonstoring_Plants,0.09,0,0,0,0,0,Taxon,
Checklist_20for_20Maanschynkop_20Plants,0.09,0,0,0,0,0,Taxon,
ChecklistforMaanschynkopPlants,0.09,0,0,0,0,0,Taxon,
chrom,1.11,0,0.04,0,0.01,0.01,genetic,1
chytridsubmissionform,0.06,1,0.11,0,0,0,Taxon,
cma_high_priority_weeds_HN,1.11,0,0,0,0,0,Taxon,
CMarZ_barcode_specimen_metadata,1,0,0,0,0.03,0,Occurrence,2
CO_LabID_OTU_Translation_Table_with_taxa_hierarchy,0.13,0,0,0,0,0,Taxon,
col2008_branchiopoda,0.19,0,0,0,0,0,Taxon,
col2008_malacostraca,0.17,0,0,0,0,0,Taxon,
col2008_ostracoda,0.17,0,0,0,0,0,Taxon,
collection_spreadsheet,0.17,0,0,0,0,0,Taxon,
Colletes_Screenhouse,0.03,0,0,0,0,0,Taxon,
Condon_Optimization_Request_Form,0,0.25,0,0,0,0,taxon,
Cornwell_specieslist,0.31,0,0,0,0,0,Taxon,
CRED_REA_Algae_FFS_2006,0.4,0,0,0,0,0,Taxon,
CRED_REA_Algae_Hawaii_2006,0.4,0,0,0,0,0,Taxon,
CRED_REA_Algae_Kauai_2006,0.4,0,0,0,0,0,Taxon,
CRED_REA_Algae_Kaula_2006,0.4,0,0,0,0,0,Taxon,
CRED_REA_Algae_Kure_2006,0.4,0,0,0,0,0,Taxon,
CRED_REA_Algae_Lanai_2006,0.4,0,0,0,0,0,Taxon,
CRED_REA_Algae_Laysan_2006,0.4,0,0,0,0,0,Taxon,
CRED_REA_Algae_Lehua_2006,0.4,0,0,0,0,0,Taxon,
CRED_REA_Algae_Lisianski_2006,0.4,0,0,0,0,0,Taxon,
CRED_REA_Algae_Maro_2006,0.4,0,0,0,0,0,Taxon,
CRED_REA_Algae_Maui_2006,0.4,0,0,0,0,0,Taxon,
CRED_REA_Algae_Midway_2006,0.4,0,0,0,0,0,Taxon,
CRED_REA_Algae_Molokai_2006,0.4,0,0,0,0,0,Taxon,
CRED_REA_Algae_Necker_2006,0.4,0,0,0,0,0,Taxon,
CRED_REA_Algae_Niihau_2006,0.4,0,0,0,0,0,Taxon,
CRED_REA_Algae_Oahu_2006,0.4,0,0,0,0,0,Taxon,
CRED_REA_Algae_PHR_2006,0.4,0,0,0,0,0,Taxon,
CRED_REA_Algae_Tutuila_2004,0.4,0,0,0,0,0,Taxon,
CRED_REA_Algae_Wake_2007,0.4,0,0,0,0,0,Taxon,
Cumulative_20species_20list11_20corrected,1,0,0,0,0,0,Taxon,
DAIRY_FARM_DIVISION,0,0,0.02,0,0,0,Taxon,
DAIRY_20FARM_20DIVISION,0,0,0.02,0,0,0,Taxon,
darwin_web_db_stats_31_08_07,0.36,0,0,0,0,0,Taxon,
Data_Centre_data_submission_template_April_2009,0,0,0.02,0,0,0.06,Taxon,
Dataset_info,0.18,0,0,1,0,0,Taxon,
Def_scientificnames,0.06,0,0,0,0,0,Taxon,
Diatom_names_integrated_deduped_090706_dp_02,0.31,0,0,0,0,0,Taxon,
Diptera_Cabinets_O_S,0.06,0,0,0,0,0,Taxon,
directory_benthos,0.09,0,0,0,0,0,Taxon,
ds349_appendix11a,0,0,0.26,0,0,0,Taxon,
E5,0.35,0,0,0,0,0,Taxon,
EBBA2_Species_list_January2014_1,0.01,0,0,0,0,0,Taxon,
EBG_Recording_Sheet_2016,1.02,0,0,0,0.25,0.02,Taxon,
Echinodermata_Ophiuroidea,0.17,0,0,0,0,0,Taxon,
ELE534,1.25,0,0,0,0,0,Taxon,
Europe_titanosaurs,0.25,0,0,0,0,0,Taxon,
